date,province,employment_rate,unemployment_rate,participation_rate,employed_thousands,unemployed_thousands,population_thousands
2019-01-01,Ontario,61.6,5.49,44.95,6108.2,544.0,14800.0
2019-02-01,Ontario,61.63,5.65,45.08,6111.2,560.5,14800.0
2019-03-01,Ontario,61.45,5.48,44.84,6093.7,543.1,14800.0
2019-04-01,Ontario,61.82,5.58,45.15,6129.7,553.0,14800.0
2019-05-01,Ontario,61.41,5.55,44.86,6089.0,550.8,14800.0
2019-06-01,Ontario,61.41,5.45,44.8,6089.1,540.8,14800.0
2019-07-01,Ontario,61.55,5.31,44.79,6103.1,526.4,14800.0
2019-08-01,Ontario,61.16,5.44,44.62,6064.1,539.8,14800.0
2019-09-01,Ontario,61.3,5.53,44.78,6078.3,548.5,14800.0
2019-10-01,Ontario,61.32,5.36,44.67,6080.3,531.4,14800.0
2019-11-01,Ontario,61.79,5.48,45.07,6127.4,543.1,14800.0
2019-12-01,Ontario,61.51,5.36,44.8,6099.7,531.3,14800.0
2020-01-01,Ontario,61.39,5.51,44.82,6087.5,546.5,14800.0
2020-02-01,Ontario,61.27,5.54,44.76,6075.5,549.1,14800.0
2020-03-01,Ontario,58.23,7.68,44.16,5774.1,761.1,14800.0
2020-04-01,Ontario,51.4,12.67,42.93,5097.3,1256.1,14800.0
2020-05-01,Ontario,54.67,10.17,43.45,5421.3,1008.6,14800.0
2020-06-01,Ontario,57.46,8.32,44.07,5698.2,824.8,14800.0
2020-07-01,Ontario,58.92,7.14,44.26,5842.2,708.2,14800.0
2020-08-01,Ontario,59.45,6.77,44.37,5895.0,671.2,14800.0
2020-09-01,Ontario,60.07,6.62,44.68,5956.8,656.4,14800.0
2020-10-01,Ontario,60.11,6.43,44.58,5960.7,637.1,14800.0
2020-11-01,Ontario,60.05,6.24,44.41,5954.5,618.4,14800.0
2020-12-01,Ontario,60.46,6.27,44.71,5995.5,621.5,14800.0
2021-01-01,Ontario,61.04,5.69,44.71,6053.1,564.3,14800.0
2021-02-01,Ontario,61.04,5.83,44.8,6052.7,578.0,14800.0
2021-03-01,Ontario,60.84,5.93,44.73,6032.9,587.9,14800.0
2021-04-01,Ontario,61.18,5.96,44.99,6066.7,591.1,14800.0
2021-05-01,Ontario,60.81,5.84,44.65,6029.6,578.8,14800.0
2021-06-01,Ontario,61.04,5.97,44.89,6052.9,591.5,14800.0
2021-07-01,Ontario,60.88,5.85,44.71,6036.8,580.0,14800.0
2021-08-01,Ontario,60.75,5.75,44.56,6024.3,570.0,14800.0
2021-09-01,Ontario,61.14,6.0,44.98,6062.4,595.3,14800.0
2021-10-01,Ontario,60.96,5.97,44.84,6044.9,591.8,14800.0
2021-11-01,Ontario,61.05,5.8,44.79,6053.5,575.4,14800.0
2021-12-01,Ontario,61.15,5.95,44.96,6063.9,589.8,14800.0
2022-01-01,Ontario,61.49,5.66,44.99,6097.6,560.9,14800.0
2022-02-01,Ontario,60.98,5.58,44.59,6046.4,553.5,14800.0
2022-03-01,Ontario,61.52,5.47,44.88,6100.1,542.4,14800.0
2022-04-01,Ontario,61.52,5.3,44.77,6100.2,525.7,14800.0
2022-05-01,Ontario,61.46,5.54,44.88,6094.0,548.9,14800.0
2022-06-01,Ontario,61.8,5.45,45.05,6127.6,540.2,14800.0
2022-07-01,Ontario,61.34,5.45,44.75,6082.3,540.4,14800.0
2022-08-01,Ontario,61.68,5.53,45.03,6116.5,548.6,14800.0
2022-09-01,Ontario,61.39,5.55,44.85,6087.8,550.5,14800.0
2022-10-01,Ontario,61.52,5.6,44.97,6100.3,555.0,14800.0
2022-11-01,Ontario,61.36,5.47,44.77,6084.4,542.1,14800.0
2022-12-01,Ontario,61.42,5.35,44.74,6090.6,530.9,14800.0
2023-01-01,Ontario,61.56,5.53,44.95,6104.2,548.0,14800.0
2023-02-01,Ontario,61.5,5.48,44.87,6098.4,543.1,14800.0
2023-03-01,Ontario,61.22,5.46,44.67,6070.3,541.2,14800.0
2023-04-01,Ontario,61.43,5.42,44.79,6091.5,537.4,14800.0
2023-05-01,Ontario,61.47,5.54,44.9,6095.1,549.4,14800.0
2023-06-01,Ontario,61.88,5.52,45.15,6135.7,547.1,14800.0
2023-07-01,Ontario,61.55,5.49,44.92,6103.4,544.6,14800.0
2023-08-01,Ontario,61.12,5.5,44.63,6060.3,545.1,14800.0
2023-09-01,Ontario,61.51,5.75,45.06,6099.5,569.8,14800.0
2023-10-01,Ontario,61.46,5.53,44.88,6094.5,548.4,14800.0
2023-11-01,Ontario,61.49,5.38,44.81,6097.7,533.8,14800.0
2023-12-01,Ontario,61.73,5.58,45.09,6121.0,552.8,14800.0
2024-01-01,Ontario,61.66,5.41,44.94,6114.0,536.4,14800.0
2024-02-01,Ontario,61.78,5.36,44.98,6126.2,531.5,14800.0
2024-03-01,Ontario,61.62,5.72,45.12,6110.0,567.1,14800.0
2024-04-01,Ontario,61.3,5.44,44.72,6078.7,539.8,14800.0
2024-05-01,Ontario,61.52,5.45,44.87,6100.3,540.4,14800.0
2024-06-01,Ontario,61.19,5.51,44.69,6067.6,546.1,14800.0
2024-07-01,Ontario,61.29,5.55,44.78,6077.3,550.1,14800.0
2024-08-01,Ontario,61.32,5.65,44.87,6080.1,560.7,14800.0
2024-09-01,Ontario,61.34,5.47,44.76,6082.8,542.2,14800.0
2024-10-01,Ontario,61.66,5.38,44.92,6114.5,533.2,14800.0
2024-11-01,Ontario,61.55,5.63,45.01,6102.9,558.3,14800.0
2024-12-01,Ontario,61.18,5.52,44.69,6066.5,547.2,14800.0
2019-01-01,Quebec,60.05,5.28,43.77,3500.4,307.7,8700.0
2019-02-01,Quebec,59.75,5.07,43.43,3483.0,295.4,8700.0
2019-03-01,Quebec,60.1,5.23,43.77,3503.5,304.8,8700.0
2019-04-01,Quebec,60.05,5.23,43.74,3500.3,305.1,8700.0
2019-05-01,Quebec,59.86,5.22,43.61,3489.5,304.5,8700.0
2019-06-01,Quebec,60.06,5.13,43.68,3500.8,298.9,8700.0
2019-07-01,Quebec,60.37,5.25,43.97,3519.2,305.9,8700.0
2019-08-01,Quebec,59.76,5.27,43.57,3483.5,306.9,8700.0
2019-09-01,Quebec,59.81,5.28,43.61,3486.0,307.7,8700.0
2019-10-01,Quebec,60.23,5.12,43.78,3510.9,298.3,8700.0
2019-11-01,Quebec,60.19,5.24,43.84,3508.6,305.5,8700.0
2019-12-01,Quebec,60.16,5.39,43.92,3507.0,314.2,8700.0
2020-01-01,Quebec,59.95,5.12,43.6,3494.5,298.7,8700.0
2020-02-01,Quebec,59.82,5.12,43.51,3487.0,298.4,8700.0
2020-03-01,Quebec,56.83,7.44,43.06,3312.9,433.6,8700.0
2020-04-01,Quebec,50.08,12.27,41.77,2919.2,714.9,8700.0
2020-05-01,Quebec,53.18,10.12,42.41,3099.7,590.1,8700.0
2020-06-01,Quebec,55.75,8.41,42.99,3249.5,490.3,8700.0
2020-07-01,Quebec,57.5,6.95,43.18,3351.7,405.2,8700.0
2020-08-01,Quebec,58.0,6.5,43.21,3380.9,378.8,8700.0
2020-09-01,Quebec,58.38,6.37,43.39,3403.0,371.5,8700.0
2020-10-01,Quebec,58.73,6.15,43.47,3423.4,358.4,8700.0
2020-11-01,Quebec,58.68,5.86,43.24,3420.2,341.4,8700.0
2020-12-01,Quebec,58.97,5.95,43.49,3437.1,346.7,8700.0
2021-01-01,Quebec,59.52,5.44,43.52,3469.3,317.3,8700.0
2021-02-01,Quebec,59.51,5.61,43.63,3468.8,326.8,8700.0
2021-03-01,Quebec,59.3,5.58,43.47,3456.5,325.4,8700.0
2021-04-01,Quebec,59.49,5.45,43.51,3467.5,317.9,8700.0
2021-05-01,Quebec,59.55,5.62,43.66,3471.0,327.8,8700.0
2021-06-01,Quebec,59.69,5.67,43.79,3479.4,330.7,8700.0
2021-07-01,Quebec,59.2,5.47,43.33,3450.7,319.1,8700.0
2021-08-01,Quebec,59.58,5.62,43.68,3472.8,327.5,8700.0
2021-09-01,Quebec,59.58,5.95,43.91,3472.8,347.0,8700.0
2021-10-01,Quebec,59.59,5.68,43.73,3473.5,331.1,8700.0
2021-11-01,Quebec,59.67,5.63,43.75,3477.9,328.3,8700.0
2021-12-01,Quebec,59.52,5.57,43.61,3469.2,324.7,8700.0
2022-01-01,Quebec,59.85,5.18,43.56,3488.4,301.7,8700.0
2022-02-01,Quebec,59.9,5.21,43.62,3491.7,303.6,8700.0
2022-03-01,Quebec,60.46,5.01,43.87,3524.4,292.2,8700.0
2022-04-01,Quebec,60.14,5.04,43.67,3505.4,293.7,8700.0
2022-05-01,Quebec,59.91,5.31,43.69,3491.9,309.5,8700.0
2022-06-01,Quebec,60.01,5.09,43.62,3498.1,296.8,8700.0
2022-07-01,Quebec,59.86,5.27,43.63,3489.1,307.1,8700.0
2022-08-01,Quebec,59.85,5.22,43.6,3488.9,304.4,8700.0
2022-09-01,Quebec,60.01,5.13,43.65,3497.9,299.3,8700.0
2022-10-01,Quebec,60.43,5.26,44.01,3522.4,306.8,8700.0
2022-11-01,Quebec,59.59,5.22,43.43,3473.8,304.2,8700.0
2022-12-01,Quebec,59.87,5.29,43.65,3489.7,308.1,8700.0
2023-01-01,Quebec,59.84,5.19,43.57,3488.2,302.4,8700.0
2023-02-01,Quebec,60.1,5.29,43.81,3503.3,308.2,8700.0
2023-03-01,Quebec,59.76,5.17,43.5,3483.4,301.2,8700.0
2023-04-01,Quebec,59.91,5.13,43.58,3491.9,299.3,8700.0
2023-05-01,Quebec,60.35,5.24,43.95,3518.0,305.5,8700.0
2023-06-01,Quebec,59.75,5.29,43.58,3482.7,308.5,8700.0
2023-07-01,Quebec,60.42,5.3,44.04,3522.1,309.1,8700.0
2023-08-01,Quebec,59.7,5.15,43.45,3479.7,300.3,8700.0
2023-09-01,Quebec,60.25,5.13,43.81,3512.2,299.0,8700.0
2023-10-01,Quebec,60.09,5.28,43.8,3502.6,307.6,8700.0
2023-11-01,Quebec,59.81,5.19,43.56,3486.6,302.8,8700.0
2023-12-01,Quebec,59.35,5.1,43.18,3459.6,297.1,8700.0
2024-01-01,Quebec,59.95,5.08,43.57,3494.5,295.8,8700.0
2024-02-01,Quebec,60.33,5.06,43.81,3516.4,294.8,8700.0
2024-03-01,Quebec,59.91,5.21,43.63,3492.3,303.9,8700.0
2024-04-01,Quebec,60.29,5.06,43.78,3514.2,294.7,8700.0
2024-05-01,Quebec,60.23,5.2,43.84,3511.0,303.2,8700.0
2024-06-01,Quebec,59.8,5.25,43.58,3486.0,305.8,8700.0
2024-07-01,Quebec,60.04,5.14,43.67,3499.7,299.6,8700.0
2024-08-01,Quebec,60.01,5.16,43.67,3498.2,300.9,8700.0
2024-09-01,Quebec,60.02,5.27,43.74,3498.7,307.0,8700.0
2024-10-01,Quebec,60.32,5.08,43.81,3515.9,295.9,8700.0
2024-11-01,Quebec,60.43,5.0,43.84,3522.3,291.7,8700.0
2024-12-01,Quebec,59.97,5.26,43.7,3495.6,306.5,8700.0
2019-01-01,British Columbia,62.06,4.74,44.75,2245.2,171.4,5400.0
2019-02-01,British Columbia,61.96,4.75,44.7,2241.7,171.9,5400.0
2019-03-01,British Columbia,61.88,4.88,44.73,2238.9,176.7,5400.0
2019-04-01,British Columbia,62.07,4.73,44.76,2245.7,171.2,5400.0
2019-05-01,British Columbia,62.18,4.83,44.9,2249.7,174.8,5400.0
2019-06-01,British Columbia,62.16,4.86,44.91,2249.0,175.9,5400.0
2019-07-01,British Columbia,61.83,4.74,44.61,2237.2,171.6,5400.0
2019-08-01,British Columbia,62.15,4.86,44.9,2248.6,175.9,5400.0
2019-09-01,British Columbia,62.0,4.81,44.76,2243.0,174.1,5400.0
2019-10-01,British Columbia,62.26,4.74,44.89,2252.4,171.5,5400.0
2019-11-01,British Columbia,62.11,4.78,44.82,2247.1,172.9,5400.0
2019-12-01,British Columbia,61.96,4.91,44.8,2241.6,177.6,5400.0
2020-01-01,British Columbia,62.17,4.88,44.92,2249.1,176.6,5400.0
2020-02-01,British Columbia,62.26,4.8,44.93,2252.6,173.7,5400.0
2020-03-01,British Columbia,59.44,6.66,44.28,2150.4,240.9,5400.0
2020-04-01,British Columbia,53.51,10.77,43.07,1936.2,389.7,5400.0
2020-05-01,British Columbia,56.17,8.95,43.63,2032.2,324.0,5400.0
2020-06-01,British Columbia,58.24,7.53,44.06,2107.0,272.4,5400.0
2020-07-01,British Columbia,59.55,6.25,44.09,2154.5,226.3,5400.0
2020-08-01,British Columbia,60.7,5.95,44.66,2196.2,215.3,5400.0
2020-09-01,British Columbia,60.77,5.81,44.61,2198.8,210.1,5400.0
2020-10-01,British Columbia,60.83,5.53,44.46,2200.7,200.0,5400.0
2020-11-01,British Columbia,61.03,5.43,44.52,2207.9,196.3,5400.0
2020-12-01,British Columbia,61.39,5.35,44.71,2220.9,193.6,5400.0
2021-01-01,British Columbia,61.38,5.08,44.53,2220.9,183.9,5400.0
2021-02-01,British Columbia,61.63,5.06,44.68,2229.9,183.0,5400.0
2021-03-01,British Columbia,61.39,5.14,44.57,2220.9,185.9,5400.0
2021-04-01,British Columbia,61.6,5.06,44.66,2228.7,183.2,5400.0
2021-05-01,British Columbia,61.46,5.14,44.62,2223.5,185.9,5400.0
2021-06-01,British Columbia,61.26,4.97,44.38,2216.4,180.0,5400.0
2021-07-01,British Columbia,61.41,5.09,44.55,2221.7,184.3,5400.0
2021-08-01,British Columbia,61.61,5.26,44.81,2229.1,190.4,5400.0
2021-09-01,British Columbia,61.72,5.1,44.77,2233.1,184.5,5400.0
2021-10-01,British Columbia,61.55,5.01,44.6,2226.7,181.4,5400.0
2021-11-01,British Columbia,61.55,5.09,44.64,2226.7,184.0,5400.0
2021-12-01,British Columbia,61.7,4.97,44.67,2232.5,179.8,5400.0
2022-01-01,British Columbia,62.1,4.95,44.93,2246.9,179.2,5400.0
2022-02-01,British Columbia,61.98,4.84,44.77,2242.4,175.1,5400.0
2022-03-01,British Columbia,62.14,4.76,44.82,2248.2,172.2,5400.0
2022-04-01,British Columbia,62.04,4.8,44.79,2244.8,173.7,5400.0
2022-05-01,British Columbia,62.02,4.72,44.72,2243.9,170.9,5400.0
2022-06-01,British Columbia,62.0,4.85,44.79,2243.3,175.5,5400.0
2022-07-01,British Columbia,62.29,4.9,45.01,2253.7,177.1,5400.0
2022-08-01,British Columbia,62.43,4.72,44.99,2258.7,170.9,5400.0
2022-09-01,British Columbia,62.17,4.82,44.89,2249.5,174.3,5400.0
2022-10-01,British Columbia,62.44,4.72,45.0,2259.0,170.7,5400.0
2022-11-01,British Columbia,61.83,4.74,44.6,2237.1,171.5,5400.0
2022-12-01,British Columbia,61.58,4.75,44.44,2227.8,171.8,5400.0
2023-01-01,British Columbia,61.85,4.82,44.66,2237.7,174.2,5400.0
2023-02-01,British Columbia,62.07,4.99,44.93,2245.6,180.5,5400.0
2023-03-01,British Columbia,62.19,4.74,44.84,2250.0,171.6,5400.0
2023-04-01,British Columbia,61.82,4.85,44.67,2236.7,175.4,5400.0
2023-05-01,British Columbia,61.74,4.98,44.7,2233.6,180.3,5400.0
2023-06-01,British Columbia,62.24,4.75,44.88,2251.7,172.0,5400.0
2023-07-01,British Columbia,61.66,4.94,44.62,2230.8,178.6,5400.0
2023-08-01,British Columbia,61.98,4.92,44.82,2242.3,178.1,5400.0
2023-09-01,British Columbia,61.68,4.74,44.5,2231.6,171.5,5400.0
2023-10-01,British Columbia,62.0,4.8,44.76,2243.2,173.8,5400.0
2023-11-01,British Columbia,61.91,4.86,44.74,2239.9,175.9,5400.0
2023-12-01,British Columbia,61.79,4.79,44.6,2235.4,173.1,5400.0
2024-01-01,British Columbia,62.02,4.85,44.81,2244.0,175.5,5400.0
2024-02-01,British Columbia,62.14,4.69,44.78,2248.3,169.6,5400.0
2024-03-01,British Columbia,61.69,4.93,44.64,2232.1,178.3,5400.0
2024-04-01,British Columbia,62.07,4.73,44.75,2245.6,171.0,5400.0
2024-05-01,British Columbia,62.31,4.81,44.97,2254.4,174.1,5400.0
2024-06-01,British Columbia,62.24,4.81,44.92,2251.7,173.9,5400.0
2024-07-01,British Columbia,62.41,4.98,45.15,2258.1,180.0,5400.0
2024-08-01,British Columbia,61.95,4.9,44.79,2241.4,177.2,5400.0
2024-09-01,British Columbia,62.13,4.94,44.93,2247.8,178.6,5400.0
2024-10-01,British Columbia,61.81,4.87,44.67,2236.2,176.1,5400.0
2024-11-01,British Columbia,62.21,4.62,44.78,2250.8,167.3,5400.0
2024-12-01,British Columbia,61.76,4.6,44.46,2234.6,166.3,5400.0
2019-01-01,Alberta,62.95,6.57,46.58,1940.0,202.5,4600.0
2019-02-01,Alberta,63.3,6.51,46.77,1950.9,200.6,4600.0
2019-03-01,Alberta,63.33,6.36,46.69,1951.7,196.1,4600.0
2019-04-01,Alberta,62.66,6.49,46.33,1931.2,200.2,4600.0
2019-05-01,Alberta,63.08,6.5,46.61,1944.0,200.2,4600.0
2019-06-01,Alberta,62.59,6.49,46.28,1928.9,200.1,4600.0
2019-07-01,Alberta,62.74,6.57,46.44,1933.6,202.4,4600.0
2019-08-01,Alberta,63.07,6.41,46.55,1943.9,197.4,4600.0
2019-09-01,Alberta,62.9,6.39,46.43,1938.5,197.1,4600.0
2019-10-01,Alberta,62.99,6.6,46.62,1941.3,203.3,4600.0
2019-11-01,Alberta,62.8,6.55,46.47,1935.6,201.9,4600.0
2019-12-01,Alberta,62.89,6.42,46.44,1938.4,197.9,4600.0
2020-01-01,Alberta,62.98,6.4,46.48,1941.0,197.1,4600.0
2020-02-01,Alberta,62.89,6.38,46.41,1938.2,196.6,4600.0
2020-03-01,Alberta,59.94,8.92,46.14,1847.4,274.9,4600.0
2020-04-01,Alberta,51.94,14.17,44.29,1600.6,436.7,4600.0
2020-05-01,Alberta,55.5,11.71,45.03,1710.6,360.9,4600.0
2020-06-01,Alberta,58.52,9.8,45.77,1803.7,301.9,4600.0
2020-07-01,Alberta,60.02,8.45,45.88,1849.8,260.6,4600.0
2020-08-01,Alberta,60.99,7.64,45.98,1879.7,235.4,4600.0
2020-09-01,Alberta,60.97,7.84,46.11,1879.2,241.8,4600.0
2020-10-01,Alberta,61.83,7.52,46.47,1905.7,231.8,4600.0
2020-11-01,Alberta,61.85,7.42,46.41,1906.2,228.6,4600.0
2020-12-01,Alberta,62.58,7.34,46.84,1928.7,226.1,4600.0
2021-01-01,Alberta,62.4,6.81,46.37,1923.2,209.8,4600.0
2021-02-01,Alberta,62.1,6.92,46.25,1914.0,213.4,4600.0
2021-03-01,Alberta,62.27,6.76,46.25,1919.3,208.4,4600.0
2021-04-01,Alberta,62.3,6.79,46.29,1920.0,209.4,4600.0
2021-05-01,Alberta,62.76,6.99,46.73,1934.3,215.5,4600.0
2021-06-01,Alberta,62.42,7.05,46.55,1923.9,217.3,4600.0
2021-07-01,Alberta,62.44,6.82,46.4,1924.4,210.1,4600.0
2021-08-01,Alberta,62.73,6.96,46.69,1933.3,214.4,4600.0
2021-09-01,Alberta,62.22,6.88,46.3,1917.5,212.1,4600.0
2021-10-01,Alberta,62.25,6.76,46.24,1918.5,208.5,4600.0
2021-11-01,Alberta,62.61,7.09,46.7,1929.6,218.6,4600.0
2021-12-01,Alberta,62.26,6.88,46.32,1918.9,212.0,4600.0
2022-01-01,Alberta,62.87,6.45,46.45,1937.6,198.8,4600.0
2022-02-01,Alberta,62.88,6.41,46.43,1938.0,197.7,4600.0
2022-03-01,Alberta,63.01,6.42,46.52,1942.0,197.8,4600.0
2022-04-01,Alberta,63.05,6.49,46.6,1943.3,200.2,4600.0
2022-05-01,Alberta,62.95,6.41,46.47,1940.2,197.5,4600.0
2022-06-01,Alberta,62.88,6.58,46.54,1938.1,202.7,4600.0
2022-07-01,Alberta,63.1,6.4,46.57,1944.7,197.3,4600.0
2022-08-01,Alberta,63.02,6.58,46.63,1942.3,202.6,4600.0
2022-09-01,Alberta,62.67,6.55,46.38,1931.4,202.0,4600.0
2022-10-01,Alberta,62.87,6.56,46.51,1937.6,202.1,4600.0
2022-11-01,Alberta,62.85,6.32,46.34,1937.0,194.8,4600.0
2022-12-01,Alberta,62.67,6.5,46.35,1931.6,200.5,4600.0
2023-01-01,Alberta,63.05,6.41,46.54,1943.3,197.5,4600.0
2023-02-01,Alberta,63.13,6.33,46.54,1945.6,195.2,4600.0
2023-03-01,Alberta,62.99,6.38,46.47,1941.3,196.6,4600.0
2023-04-01,Alberta,62.87,6.5,46.48,1937.6,200.5,4600.0
2023-05-01,Alberta,62.83,6.46,46.42,1936.4,199.1,4600.0
2023-06-01,Alberta,63.2,6.44,46.66,1947.9,198.6,4600.0
2023-07-01,Alberta,63.17,6.39,46.6,1946.8,196.8,4600.0
2023-08-01,Alberta,63.11,6.64,46.73,1944.9,204.8,4600.0
2023-09-01,Alberta,62.51,6.42,46.18,1926.4,197.9,4600.0
2023-10-01,Alberta,63.12,6.48,46.63,1945.2,199.7,4600.0
2023-11-01,Alberta,63.07,6.44,46.57,1943.9,198.5,4600.0
2023-12-01,Alberta,63.02,6.48,46.57,1942.2,199.8,4600.0
2024-01-01,Alberta,63.23,6.53,46.74,1948.9,201.1,4600.0
2024-02-01,Alberta,63.07,6.46,46.58,1943.7,199.1,4600.0
2024-03-01,Alberta,62.9,6.46,46.47,1938.7,199.0,4600.0
2024-04-01,Alberta,63.08,6.46,46.59,1944.1,199.0,4600.0
2024-05-01,Alberta,63.06,6.71,46.74,1943.4,206.7,4600.0
2024-06-01,Alberta,63.17,6.47,46.66,1947.0,199.3,4600.0
2024-07-01,Alberta,63.24,6.46,46.7,1949.1,199.1,4600.0
2024-08-01,Alberta,62.59,6.4,46.22,1929.1,197.2,4600.0
2024-09-01,Alberta,62.63,6.46,46.29,1930.1,199.2,4600.0
2024-10-01,Alberta,63.0,6.67,46.68,1941.8,205.5,4600.0
2024-11-01,Alberta,63.07,6.48,46.59,1943.7,199.7,4600.0
2024-12-01,Alberta,63.17,6.28,46.53,1946.8,193.5,4600.0
2019-01-01,Manitoba,61.05,5.28,44.44,572.6,49.5,1400.0
2019-02-01,Manitoba,60.7,5.31,44.23,569.4,49.8,1400.0
2019-03-01,Manitoba,61.07,5.16,44.37,572.8,48.4,1400.0
2019-04-01,Manitoba,61.13,5.43,44.59,573.4,50.9,1400.0
2019-05-01,Manitoba,61.04,5.22,44.39,572.5,49.0,1400.0
2019-06-01,Manitoba,60.91,5.12,44.24,571.3,48.0,1400.0
2019-07-01,Manitoba,61.17,5.11,44.41,573.7,48.0,1400.0
2019-08-01,Manitoba,61.01,5.15,44.33,572.3,48.3,1400.0
2019-09-01,Manitoba,61.1,5.23,44.44,573.1,49.1,1400.0
2019-10-01,Manitoba,61.21,5.15,44.46,574.1,48.3,1400.0
2019-11-01,Manitoba,60.95,5.1,44.25,571.7,47.9,1400.0
2019-12-01,Manitoba,60.91,5.24,44.32,571.3,49.1,1400.0
2020-01-01,Manitoba,61.15,5.11,44.39,573.6,47.9,1400.0
2020-02-01,Manitoba,61.17,5.34,44.56,573.8,50.0,1400.0
2020-03-01,Manitoba,58.08,7.49,43.93,544.8,70.2,1400.0
2020-04-01,Manitoba,51.35,11.73,42.26,481.6,110.0,1400.0
2020-05-01,Manitoba,54.14,9.9,42.91,507.9,92.9,1400.0
2020-06-01,Manitoba,57.13,7.99,43.63,535.9,75.0,1400.0
2020-07-01,Manitoba,58.56,6.84,43.81,549.3,64.1,1400.0
2020-08-01,Manitoba,59.79,6.4,44.35,560.8,60.1,1400.0
2020-09-01,Manitoba,59.52,6.32,44.12,558.3,59.3,1400.0
2020-10-01,Manitoba,59.8,6.13,44.17,560.9,57.5,1400.0
2020-11-01,Manitoba,59.74,6.02,44.06,560.4,56.4,1400.0
2020-12-01,Manitoba,60.48,5.96,44.52,567.3,55.9,1400.0
2021-01-01,Manitoba,60.82,5.5,44.43,570.5,51.6,1400.0
2021-02-01,Manitoba,60.3,5.54,44.11,565.6,51.9,1400.0
2021-03-01,Manitoba,60.51,5.66,44.33,567.6,53.1,1400.0
2021-04-01,Manitoba,60.16,5.7,44.13,564.3,53.5,1400.0
2021-05-01,Manitoba,60.47,5.51,44.2,567.2,51.7,1400.0
2021-06-01,Manitoba,60.3,5.38,44.01,565.6,50.5,1400.0
2021-07-01,Manitoba,60.66,5.56,44.37,569.0,52.1,1400.0
2021-08-01,Manitoba,60.24,5.42,43.99,565.1,50.8,1400.0
2021-09-01,Manitoba,60.43,5.72,44.32,566.9,53.6,1400.0
2021-10-01,Manitoba,60.45,5.4,44.12,567.0,50.6,1400.0
2021-11-01,Manitoba,60.45,5.52,44.2,567.0,51.8,1400.0
2021-12-01,Manitoba,60.06,5.47,43.91,563.4,51.4,1400.0
2022-01-01,Manitoba,60.95,5.27,44.37,571.7,49.4,1400.0
2022-02-01,Manitoba,61.37,5.31,44.68,575.6,49.8,1400.0
2022-03-01,Manitoba,60.95,5.09,44.24,571.7,47.7,1400.0
2022-04-01,Manitoba,61.51,5.21,44.7,577.0,48.8,1400.0
2022-05-01,Manitoba,61.0,5.2,44.35,572.2,48.8,1400.0
2022-06-01,Manitoba,61.04,5.19,44.37,572.6,48.6,1400.0
2022-07-01,Manitoba,60.89,5.15,44.24,571.1,48.3,1400.0
2022-08-01,Manitoba,60.99,5.15,44.31,572.1,48.3,1400.0
2022-09-01,Manitoba,60.86,5.21,44.27,570.8,48.9,1400.0
2022-10-01,Manitoba,60.95,5.35,44.42,571.7,50.2,1400.0
2022-11-01,Manitoba,60.47,5.31,44.07,567.2,49.8,1400.0
2022-12-01,Manitoba,61.25,4.99,44.38,574.5,46.8,1400.0
2023-01-01,Manitoba,60.93,5.16,44.28,571.5,48.4,1400.0
2023-02-01,Manitoba,60.72,5.12,44.11,569.5,48.0,1400.0
2023-03-01,Manitoba,60.78,5.38,44.32,570.1,50.4,1400.0
2023-04-01,Manitoba,61.19,5.33,44.56,573.9,50.0,1400.0
2023-05-01,Manitoba,61.14,5.09,44.37,573.5,47.7,1400.0
2023-06-01,Manitoba,60.9,5.25,44.32,571.2,49.2,1400.0
2023-07-01,Manitoba,60.76,5.27,44.24,569.9,49.4,1400.0
2023-08-01,Manitoba,60.95,5.16,44.3,571.7,48.4,1400.0
2023-09-01,Manitoba,61.14,5.24,44.48,573.5,49.2,1400.0
2023-10-01,Manitoba,60.93,5.32,44.38,571.5,49.9,1400.0
2023-11-01,Manitoba,60.78,5.26,44.25,570.2,49.4,1400.0
2023-12-01,Manitoba,61.12,5.17,44.41,573.3,48.5,1400.0
2024-01-01,Manitoba,61.07,5.07,44.31,572.8,47.6,1400.0
2024-02-01,Manitoba,61.18,5.18,44.47,573.9,48.6,1400.0
2024-03-01,Manitoba,60.9,5.3,44.35,571.2,49.8,1400.0
2024-04-01,Manitoba,60.86,5.06,44.17,570.9,47.5,1400.0
2024-05-01,Manitoba,60.69,5.26,44.19,569.3,49.3,1400.0
2024-06-01,Manitoba,60.74,5.38,44.3,569.8,50.4,1400.0
2024-07-01,Manitoba,60.58,5.37,44.19,568.3,50.4,1400.0
2024-08-01,Manitoba,61.04,5.19,44.38,572.6,48.7,1400.0
2024-09-01,Manitoba,60.89,5.24,44.31,571.2,49.1,1400.0
2024-10-01,Manitoba,60.99,5.31,44.42,572.1,49.8,1400.0
2024-11-01,Manitoba,61.02,5.22,44.38,572.4,48.9,1400.0
2024-12-01,Manitoba,60.93,5.19,44.3,571.5,48.7,1400.0
2019-01-01,Saskatchewan,62.56,4.83,45.15,503.0,38.8,1200.0
2019-02-01,Saskatchewan,62.23,5.07,45.09,500.3,40.8,1200.0
2019-03-01,Saskatchewan,62.53,4.98,45.24,502.8,40.1,1200.0
2019-04-01,Saskatchewan,62.5,5.03,45.25,502.5,40.5,1200.0
2019-05-01,Saskatchewan,62.39,4.92,45.1,501.6,39.6,1200.0
2019-06-01,Saskatchewan,62.54,4.9,45.19,502.8,39.4,1200.0
2019-07-01,Saskatchewan,62.58,4.83,45.17,503.2,38.8,1200.0
2019-08-01,Saskatchewan,62.71,5.05,45.39,504.2,40.6,1200.0
2019-09-01,Saskatchewan,62.55,5.1,45.33,502.9,41.0,1200.0
2019-10-01,Saskatchewan,62.83,5.1,45.52,505.2,41.0,1200.0
2019-11-01,Saskatchewan,62.13,4.87,44.89,499.5,39.2,1200.0
2019-12-01,Saskatchewan,62.38,5.0,45.14,501.5,40.2,1200.0
2020-01-01,Saskatchewan,62.6,4.93,45.25,503.3,39.6,1200.0
2020-02-01,Saskatchewan,62.54,4.92,45.2,502.8,39.6,1200.0
2020-03-01,Saskatchewan,59.38,6.96,44.45,477.4,56.0,1200.0
2020-04-01,Saskatchewan,52.82,11.51,43.1,424.6,92.6,1200.0
2020-05-01,Saskatchewan,55.8,9.66,43.86,448.7,77.6,1200.0
2020-06-01,Saskatchewan,58.31,8.06,44.47,468.8,64.8,1200.0
2020-07-01,Saskatchewan,60.1,6.77,44.8,483.2,54.4,1200.0
2020-08-01,Saskatchewan,60.63,6.26,44.82,487.5,50.3,1200.0
2020-09-01,Saskatchewan,60.88,6.06,44.85,489.5,48.7,1200.0
2020-10-01,Saskatchewan,61.71,5.9,45.3,496.2,47.4,1200.0
2020-11-01,Saskatchewan,61.63,5.7,45.11,495.5,45.8,1200.0
2020-12-01,Saskatchewan,61.59,5.81,45.16,495.2,46.7,1200.0
2021-01-01,Saskatchewan,61.87,5.53,45.16,497.5,44.5,1200.0
2021-02-01,Saskatchewan,62.14,5.29,45.18,499.6,42.6,1200.0
2021-03-01,Saskatchewan,62.13,5.45,45.27,499.5,43.8,1200.0
2021-04-01,Saskatchewan,62.12,5.19,45.1,499.5,41.8,1200.0
2021-05-01,Saskatchewan,61.85,5.33,45.01,497.3,42.8,1200.0
2021-06-01,Saskatchewan,61.99,5.41,45.16,498.4,43.5,1200.0
2021-07-01,Saskatchewan,62.04,5.22,45.06,498.8,41.9,1200.0
2021-08-01,Saskatchewan,62.08,5.41,45.22,499.1,43.5,1200.0
2021-09-01,Saskatchewan,62.11,5.46,45.27,499.4,43.9,1200.0
2021-10-01,Saskatchewan,62.17,5.4,45.27,499.8,43.4,1200.0
2021-11-01,Saskatchewan,61.99,5.18,45.0,498.4,41.7,1200.0
2021-12-01,Saskatchewan,62.19,5.3,45.22,500.0,42.6,1200.0
2022-01-01,Saskatchewan,62.55,4.87,45.18,502.9,39.2,1200.0
2022-02-01,Saskatchewan,62.28,5.11,45.15,500.8,41.0,1200.0
2022-03-01,Saskatchewan,62.49,5.07,45.27,502.4,40.7,1200.0
2022-04-01,Saskatchewan,62.51,5.0,45.23,502.5,40.2,1200.0
2022-05-01,Saskatchewan,62.69,4.95,45.32,504.0,39.8,1200.0
2022-06-01,Saskatchewan,62.52,4.95,45.21,502.7,39.8,1200.0
2022-07-01,Saskatchewan,62.41,4.97,45.15,501.8,40.0,1200.0
2022-08-01,Saskatchewan,62.54,4.95,45.22,502.9,39.8,1200.0
2022-09-01,Saskatchewan,62.75,4.91,45.33,504.5,39.5,1200.0
2022-10-01,Saskatchewan,62.46,4.96,45.17,502.2,39.8,1200.0
2022-11-01,Saskatchewan,62.79,5.02,45.43,504.8,40.4,1200.0
2022-12-01,Saskatchewan,62.71,4.85,45.26,504.2,39.0,1200.0
2023-01-01,Saskatchewan,62.55,5.09,45.32,502.9,40.9,1200.0
2023-02-01,Saskatchewan,62.52,5.11,45.31,502.6,41.1,1200.0
2023-03-01,Saskatchewan,62.4,5.14,45.25,501.7,41.3,1200.0
2023-04-01,Saskatchewan,62.96,4.96,45.51,506.2,39.9,1200.0
2023-05-01,Saskatchewan,62.41,5.15,45.26,501.8,41.4,1200.0
2023-06-01,Saskatchewan,62.82,4.95,45.4,505.0,39.8,1200.0
2023-07-01,Saskatchewan,62.42,4.97,45.15,501.8,40.0,1200.0
2023-08-01,Saskatchewan,62.23,4.91,44.98,500.3,39.5,1200.0
2023-09-01,Saskatchewan,62.3,4.92,45.04,500.9,39.6,1200.0
2023-10-01,Saskatchewan,62.49,5.02,45.24,502.4,40.4,1200.0
2023-11-01,Saskatchewan,62.81,4.9,45.37,505.0,39.4,1200.0
2023-12-01,Saskatchewan,62.7,4.98,45.34,504.1,40.0,1200.0
2024-01-01,Saskatchewan,62.49,5.07,45.26,502.4,40.7,1200.0
2024-02-01,Saskatchewan,62.28,5.04,45.1,500.7,40.5,1200.0
2024-03-01,Saskatchewan,62.53,5.05,45.28,502.8,40.6,1200.0
2024-04-01,Saskatchewan,62.56,5.25,45.43,503.0,42.2,1200.0
2024-05-01,Saskatchewan,62.37,4.95,45.1,501.5,39.8,1200.0
2024-06-01,Saskatchewan,62.38,4.94,45.1,501.5,39.8,1200.0
2024-07-01,Saskatchewan,62.37,5.12,45.22,501.5,41.2,1200.0
2024-08-01,Saskatchewan,62.78,4.94,45.38,504.8,39.7,1200.0
2024-09-01,Saskatchewan,62.33,5.05,45.15,501.2,40.6,1200.0
2024-10-01,Saskatchewan,62.39,5.06,45.19,501.6,40.7,1200.0
2024-11-01,Saskatchewan,62.54,4.85,45.15,502.8,39.0,1200.0
2024-12-01,Saskatchewan,62.81,5.18,45.55,505.0,41.6,1200.0
2019-01-01,Nova Scotia,56.68,7.16,42.77,368.3,46.5,970.0
2019-02-01,Nova Scotia,56.86,7.23,42.94,369.5,47.0,970.0
2019-03-01,Nova Scotia,56.93,7.4,43.1,370.0,48.1,970.0
2019-04-01,Nova Scotia,56.76,7.12,42.8,368.9,46.3,970.0
2019-05-01,Nova Scotia,56.52,7.13,42.65,367.4,46.3,970.0
2019-06-01,Nova Scotia,56.79,7.38,43.0,369.1,48.0,970.0
2019-07-01,Nova Scotia,56.7,7.22,42.83,368.5,46.9,970.0
2019-08-01,Nova Scotia,56.8,7.32,42.96,369.1,47.6,970.0
2019-09-01,Nova Scotia,57.31,7.15,43.18,372.4,46.4,970.0
2019-10-01,Nova Scotia,56.7,7.3,42.88,368.5,47.5,970.0
2019-11-01,Nova Scotia,56.94,7.38,43.09,370.0,48.0,970.0
2019-12-01,Nova Scotia,56.92,7.16,42.93,369.9,46.6,970.0
2020-01-01,Nova Scotia,56.92,7.31,43.03,369.9,47.5,970.0
2020-02-01,Nova Scotia,56.96,7.25,43.02,370.2,47.1,970.0
2020-03-01,Nova Scotia,54.01,9.42,42.5,351.0,61.2,970.0
2020-04-01,Nova Scotia,47.58,13.91,41.2,309.2,90.4,970.0
2020-05-01,Nova Scotia,50.27,11.76,41.56,326.7,76.5,970.0
2020-06-01,Nova Scotia,53.04,9.92,42.18,344.7,64.5,970.0
2020-07-01,Nova Scotia,54.37,8.91,42.4,353.4,57.9,970.0
2020-08-01,Nova Scotia,55.11,8.52,42.63,358.1,55.4,970.0
2020-09-01,Nova Scotia,55.34,8.25,42.61,359.6,53.6,970.0
2020-10-01,Nova Scotia,55.23,8.18,42.49,358.9,53.2,970.0
2020-11-01,Nova Scotia,55.83,8.19,42.89,362.8,53.2,970.0
2020-12-01,Nova Scotia,55.84,7.85,42.67,362.9,51.0,970.0
2021-01-01,Nova Scotia,56.35,7.71,42.92,366.2,50.1,970.0
2021-02-01,Nova Scotia,56.28,7.58,42.79,365.8,49.2,970.0
2021-03-01,Nova Scotia,56.42,7.57,42.87,366.7,49.2,970.0
2021-04-01,Nova Scotia,56.21,7.57,42.73,365.3,49.2,970.0
2021-05-01,Nova Scotia,56.51,7.45,42.85,367.3,48.4,970.0
2021-06-01,Nova Scotia,56.33,7.48,42.75,366.1,48.6,970.0
2021-07-01,Nova Scotia,56.54,7.4,42.84,367.4,48.1,970.0
2021-08-01,Nova Scotia,56.19,7.59,42.73,365.2,49.3,970.0
2021-09-01,Nova Scotia,56.61,7.54,42.98,367.9,49.0,970.0
2021-10-01,Nova Scotia,56.19,7.74,42.83,365.2,50.3,970.0
2021-11-01,Nova Scotia,56.01,7.33,42.44,364.0,47.6,970.0
2021-12-01,Nova Scotia,56.49,7.43,42.82,367.1,48.3,970.0
2022-01-01,Nova Scotia,56.6,7.27,42.79,367.8,47.3,970.0
2022-02-01,Nova Scotia,56.85,7.14,42.87,369.5,46.4,970.0
2022-03-01,Nova Scotia,56.54,7.29,42.77,367.5,47.4,970.0
2022-04-01,Nova Scotia,56.93,7.19,42.96,370.0,46.7,970.0
2022-05-01,Nova Scotia,57.17,7.09,43.06,371.5,46.1,970.0
2022-06-01,Nova Scotia,56.49,7.13,42.63,367.2,46.3,970.0
2022-07-01,Nova Scotia,56.79,7.22,42.89,369.1,47.0,970.0
2022-08-01,Nova Scotia,56.75,7.24,42.87,368.8,47.0,970.0
2022-09-01,Nova Scotia,56.55,7.34,42.81,367.5,47.7,970.0
2022-10-01,Nova Scotia,56.78,7.31,42.94,369.0,47.5,970.0
2022-11-01,Nova Scotia,56.87,7.25,42.96,369.6,47.1,970.0
2022-12-01,Nova Scotia,56.91,7.24,42.99,369.9,47.1,970.0
2023-01-01,Nova Scotia,56.93,7.33,43.06,370.0,47.7,970.0
2023-02-01,Nova Scotia,56.84,7.27,42.95,369.4,47.3,970.0
2023-03-01,Nova Scotia,56.78,7.34,42.96,369.0,47.7,970.0
2023-04-01,Nova Scotia,56.66,7.38,42.91,368.3,48.0,970.0
2023-05-01,Nova Scotia,56.79,7.06,42.78,369.1,45.9,970.0
2023-06-01,Nova Scotia,56.83,7.13,42.85,369.3,46.4,970.0
2023-07-01,Nova Scotia,56.97,7.13,42.95,370.2,46.4,970.0
2023-08-01,Nova Scotia,56.71,7.01,42.69,368.6,45.6,970.0
2023-09-01,Nova Scotia,56.71,6.96,42.66,368.6,45.2,970.0
2023-10-01,Nova Scotia,56.48,7.28,42.72,367.1,47.3,970.0
2023-11-01,Nova Scotia,56.96,7.24,43.01,370.2,47.1,970.0
2023-12-01,Nova Scotia,56.61,7.2,42.75,367.9,46.8,970.0
2024-01-01,Nova Scotia,56.8,7.08,42.8,369.1,46.0,970.0
2024-02-01,Nova Scotia,57.1,7.29,43.14,371.1,47.4,970.0
2024-03-01,Nova Scotia,56.76,7.2,42.85,368.9,46.8,970.0
2024-04-01,Nova Scotia,56.84,7.0,42.77,369.4,45.5,970.0
2024-05-01,Nova Scotia,56.75,7.13,42.8,368.8,46.3,970.0
2024-06-01,Nova Scotia,56.6,7.17,42.73,367.8,46.6,970.0
2024-07-01,Nova Scotia,57.16,7.26,43.16,371.5,47.2,970.0
2024-08-01,Nova Scotia,56.69,7.26,42.84,368.4,47.2,970.0
2024-09-01,Nova Scotia,57.08,7.29,43.13,371.0,47.4,970.0
2024-10-01,Nova Scotia,56.81,7.14,42.84,369.2,46.4,970.0
2024-11-01,Nova Scotia,56.94,7.24,43.0,370.1,47.0,970.0
2024-12-01,Nova Scotia,56.98,7.26,43.04,370.3,47.2,970.0
2019-01-01,New Brunswick,56.21,7.95,42.98,297.5,42.1,790.0
2019-02-01,New Brunswick,56.26,8.02,43.07,297.8,42.4,790.0
2019-03-01,New Brunswick,56.42,7.93,43.11,298.6,42.0,790.0
2019-04-01,New Brunswick,56.35,8.02,43.13,298.2,42.4,790.0
2019-05-01,New Brunswick,55.87,7.95,42.76,295.7,42.1,790.0
2019-06-01,New Brunswick,55.94,8.04,42.87,296.1,42.6,790.0
2019-07-01,New Brunswick,56.1,7.94,42.91,297.0,42.0,790.0
2019-08-01,New Brunswick,56.0,8.21,43.02,296.4,43.5,790.0
2019-09-01,New Brunswick,56.35,8.04,43.14,298.2,42.6,790.0
2019-10-01,New Brunswick,56.01,8.01,42.89,296.4,42.4,790.0
2019-11-01,New Brunswick,56.12,7.9,42.89,297.1,41.8,790.0
2019-12-01,New Brunswick,55.95,7.83,42.73,296.1,41.5,790.0
2020-01-01,New Brunswick,56.08,8.06,42.98,296.8,42.7,790.0
2020-02-01,New Brunswick,55.9,8.16,42.92,295.9,43.2,790.0
2020-03-01,New Brunswick,52.75,9.95,42.01,279.2,52.7,790.0
2020-04-01,New Brunswick,46.54,14.75,41.07,246.4,78.1,790.0
2020-05-01,New Brunswick,49.84,12.5,41.77,263.8,66.2,790.0
2020-06-01,New Brunswick,52.22,10.8,42.22,276.4,57.1,790.0
2020-07-01,New Brunswick,53.47,9.84,42.41,283.0,52.1,790.0
2020-08-01,New Brunswick,54.43,9.03,42.52,288.1,47.8,790.0
2020-09-01,New Brunswick,54.8,9.19,42.87,290.0,48.6,790.0
2020-10-01,New Brunswick,54.57,8.95,42.56,288.9,47.4,790.0
2020-11-01,New Brunswick,55.0,8.8,42.74,291.1,46.6,790.0
2020-12-01,New Brunswick,54.99,8.56,42.58,291.1,45.3,790.0
2021-01-01,New Brunswick,55.49,8.47,42.85,293.7,44.8,790.0
2021-02-01,New Brunswick,55.61,8.31,42.83,294.3,44.0,790.0
2021-03-01,New Brunswick,55.65,8.07,42.69,294.6,42.7,790.0
2021-04-01,New Brunswick,55.73,8.18,42.82,295.0,43.3,790.0
2021-05-01,New Brunswick,55.43,8.24,42.66,293.4,43.6,790.0
2021-06-01,New Brunswick,55.24,8.47,42.68,292.4,44.8,790.0
2021-07-01,New Brunswick,55.41,8.38,42.74,293.3,44.4,790.0
2021-08-01,New Brunswick,55.49,8.4,42.81,293.7,44.4,790.0
2021-09-01,New Brunswick,55.52,8.22,42.7,293.8,43.5,790.0
2021-10-01,New Brunswick,55.7,8.3,42.88,294.8,43.9,790.0
2021-11-01,New Brunswick,55.19,8.31,42.54,292.1,44.0,790.0
2021-12-01,New Brunswick,55.9,8.37,43.06,295.9,44.3,790.0
2022-01-01,New Brunswick,55.93,7.97,42.81,296.0,42.2,790.0
2022-02-01,New Brunswick,55.94,8.21,42.98,296.1,43.4,790.0
2022-03-01,New Brunswick,56.08,8.04,42.96,296.8,42.6,790.0
2022-04-01,New Brunswick,56.21,8.02,43.03,297.5,42.5,790.0
2022-05-01,New Brunswick,55.95,7.98,42.83,296.1,42.2,790.0
2022-06-01,New Brunswick,55.99,8.0,42.87,296.3,42.3,790.0
2022-07-01,New Brunswick,56.15,8.01,42.98,297.2,42.4,790.0
2022-08-01,New Brunswick,56.15,7.99,42.97,297.2,42.3,790.0
2022-09-01,New Brunswick,56.02,7.8,42.76,296.5,41.3,790.0
2022-10-01,New Brunswick,56.18,8.03,43.03,297.4,42.5,790.0
2022-11-01,New Brunswick,56.2,7.71,42.82,297.5,40.8,790.0
2022-12-01,New Brunswick,56.42,7.99,43.15,298.6,42.3,790.0
2023-01-01,New Brunswick,56.22,7.9,42.96,297.6,41.8,790.0
2023-02-01,New Brunswick,56.12,7.89,42.89,297.1,41.8,790.0
2023-03-01,New Brunswick,55.88,8.19,42.92,295.7,43.4,790.0
2023-04-01,New Brunswick,55.96,8.02,42.87,296.2,42.5,790.0
2023-05-01,New Brunswick,56.17,8.05,43.03,297.3,42.6,790.0
2023-06-01,New Brunswick,56.03,8.04,42.92,296.6,42.5,790.0
2023-07-01,New Brunswick,56.48,7.99,43.2,299.0,42.3,790.0
2023-08-01,New Brunswick,56.04,8.11,42.98,296.6,42.9,790.0
2023-09-01,New Brunswick,56.22,8.12,43.11,297.6,43.0,790.0
2023-10-01,New Brunswick,56.13,7.89,42.89,297.1,41.7,790.0
2023-11-01,New Brunswick,56.33,7.89,43.02,298.1,41.7,790.0
2023-12-01,New Brunswick,56.06,7.92,42.87,296.7,41.9,790.0
2024-01-01,New Brunswick,55.99,8.03,42.89,296.3,42.5,790.0
2024-02-01,New Brunswick,56.06,8.04,42.95,296.7,42.6,790.0
2024-03-01,New Brunswick,56.32,8.05,43.13,298.1,42.6,790.0
2024-04-01,New Brunswick,55.95,8.1,42.91,296.1,42.9,790.0
2024-05-01,New Brunswick,56.24,7.88,42.96,297.7,41.7,790.0
2024-06-01,New Brunswick,56.12,8.07,43.01,297.0,42.7,790.0
2024-07-01,New Brunswick,55.94,8.14,42.93,296.1,43.1,790.0
2024-08-01,New Brunswick,55.97,8.01,42.87,296.2,42.4,790.0
2024-09-01,New Brunswick,55.97,8.0,42.86,296.2,42.4,790.0
2024-10-01,New Brunswick,55.78,7.86,42.64,295.2,41.6,790.0
2024-11-01,New Brunswick,56.32,7.92,43.04,298.1,41.9,790.0
2024-12-01,New Brunswick,55.8,7.78,42.6,295.4,41.2,790.0
2019-01-01,Newfoundland,52.67,11.87,43.24,183.5,41.3,520.0
2019-02-01,Newfoundland,53.13,12.1,43.7,185.1,42.2,520.0
2019-03-01,Newfoundland,52.66,12.23,43.47,183.5,42.6,520.0
2019-04-01,Newfoundland,53.0,11.97,43.53,184.6,41.7,520.0
2019-05-01,Newfoundland,52.3,12.23,43.23,182.2,42.6,520.0
2019-06-01,Newfoundland,52.52,11.84,43.12,183.0,41.2,520.0
2019-07-01,Newfoundland,53.0,12.24,43.72,184.7,42.7,520.0
2019-08-01,Newfoundland,53.08,12.06,43.64,184.9,42.0,520.0
2019-09-01,Newfoundland,52.92,12.09,43.55,184.4,42.1,520.0
2019-10-01,Newfoundland,52.95,12.03,43.54,184.5,41.9,520.0
2019-11-01,Newfoundland,52.82,11.99,43.43,184.0,41.8,520.0
2019-12-01,Newfoundland,52.65,11.97,43.3,183.4,41.7,520.0
2020-01-01,Newfoundland,52.46,11.99,43.18,182.8,41.8,520.0
2020-02-01,Newfoundland,52.6,11.89,43.21,183.3,41.4,520.0
2020-03-01,Newfoundland,50.44,13.82,43.05,175.7,48.1,520.0
2020-04-01,Newfoundland,45.38,17.16,41.91,158.1,59.8,520.0
2020-05-01,Newfoundland,47.4,15.73,42.3,165.1,54.8,520.0
2020-06-01,Newfoundland,49.4,14.22,42.63,172.1,49.5,520.0
2020-07-01,Newfoundland,50.91,13.3,43.02,177.4,46.3,520.0
2020-08-01,Newfoundland,51.46,12.82,43.07,179.3,44.7,520.0
2020-09-01,Newfoundland,51.48,12.87,43.12,179.4,44.8,520.0
2020-10-01,Newfoundland,51.44,12.77,43.02,179.2,44.5,520.0
2020-11-01,Newfoundland,51.92,12.67,43.27,180.9,44.1,520.0
2020-12-01,Newfoundland,52.12,12.64,43.39,181.6,44.0,520.0
2021-01-01,Newfoundland,52.43,12.24,43.32,182.6,42.6,520.0
2021-02-01,Newfoundland,52.42,12.33,43.39,182.6,43.0,520.0
2021-03-01,Newfoundland,52.41,12.28,43.34,182.6,42.8,520.0
2021-04-01,Newfoundland,52.26,12.21,43.2,182.1,42.6,520.0
2021-05-01,Newfoundland,52.12,12.45,43.26,181.6,43.4,520.0
2021-06-01,Newfoundland,52.15,12.21,43.12,181.7,42.5,520.0
2021-07-01,Newfoundland,52.26,12.37,43.3,182.1,43.1,520.0
2021-08-01,Newfoundland,52.34,12.4,43.38,182.4,43.2,520.0
2021-09-01,Newfoundland,52.27,12.31,43.26,182.1,42.9,520.0
2021-10-01,Newfoundland,52.23,12.49,43.37,182.0,43.5,520.0
2021-11-01,Newfoundland,52.16,12.31,43.2,181.7,42.9,520.0
2021-12-01,Newfoundland,52.61,12.27,43.46,183.3,42.7,520.0
2022-01-01,Newfoundland,52.76,11.99,43.38,183.8,41.8,520.0
2022-02-01,Newfoundland,52.81,11.99,43.41,184.0,41.8,520.0
2022-03-01,Newfoundland,52.99,12.22,43.69,184.6,42.6,520.0
2022-04-01,Newfoundland,52.69,11.86,43.25,183.6,41.3,520.0
2022-05-01,Newfoundland,52.78,12.26,43.58,183.9,42.7,520.0
2022-06-01,Newfoundland,52.64,12.16,43.42,183.4,42.4,520.0
2022-07-01,Newfoundland,53.14,11.94,43.6,185.1,41.6,520.0
2022-08-01,Newfoundland,52.91,12.16,43.6,184.4,42.4,520.0
2022-09-01,Newfoundland,52.72,11.98,43.35,183.7,41.7,520.0
2022-10-01,Newfoundland,52.68,11.9,43.27,183.5,41.5,520.0
2022-11-01,Newfoundland,52.67,11.88,43.25,183.5,41.4,520.0
2022-12-01,Newfoundland,52.81,11.92,43.37,184.0,41.5,520.0
2023-01-01,Newfoundland,52.85,11.84,43.34,184.1,41.3,520.0
2023-02-01,Newfoundland,52.87,12.08,43.52,184.2,42.1,520.0
2023-03-01,Newfoundland,52.4,12.04,43.17,182.6,41.9,520.0
2023-04-01,Newfoundland,53.05,11.88,43.5,184.8,41.4,520.0
2023-05-01,Newfoundland,53.13,12.04,43.67,185.1,42.0,520.0
2023-06-01,Newfoundland,52.66,11.99,43.32,183.5,41.8,520.0
2023-07-01,Newfoundland,52.91,12.01,43.5,184.3,41.8,520.0
2023-08-01,Newfoundland,52.91,11.91,43.43,184.3,41.5,520.0
2023-09-01,Newfoundland,52.83,11.86,43.34,184.1,41.3,520.0
2023-10-01,Newfoundland,52.78,11.91,43.34,183.9,41.5,520.0
2023-11-01,Newfoundland,52.65,12.12,43.4,183.4,42.2,520.0
2023-12-01,Newfoundland,53.02,12.06,43.6,184.7,42.0,520.0
2024-01-01,Newfoundland,52.58,11.97,43.25,183.2,41.7,520.0
2024-02-01,Newfoundland,53.04,12.01,43.59,184.8,41.9,520.0
2024-03-01,Newfoundland,53.26,12.04,43.75,185.6,41.9,520.0
2024-04-01,Newfoundland,52.84,11.97,43.42,184.1,41.7,520.0
2024-05-01,Newfoundland,52.83,11.98,43.42,184.0,41.8,520.0
2024-06-01,Newfoundland,52.94,12.1,43.57,184.4,42.1,520.0
2024-07-01,Newfoundland,52.64,11.87,43.22,183.4,41.3,520.0
2024-08-01,Newfoundland,52.43,12.05,43.2,182.7,42.0,520.0
2024-09-01,Newfoundland,52.58,11.78,43.12,183.2,41.1,520.0
2024-10-01,Newfoundland,52.88,12.25,43.63,184.2,42.7,520.0
2024-11-01,Newfoundland,52.8,12.08,43.47,183.9,42.1,520.0
2024-12-01,Newfoundland,52.82,11.99,43.42,184.0,41.8,520.0
2019-01-01,Prince Edward Island,57.18,8.97,44.32,64.4,10.1,168.0
2019-02-01,Prince Edward Island,57.05,9.03,44.28,64.2,10.2,168.0
2019-03-01,Prince Edward Island,56.87,9.1,44.2,64.0,10.2,168.0
2019-04-01,Prince Edward Island,56.97,8.92,44.15,64.1,10.0,168.0
2019-05-01,Prince Edward Island,57.11,8.91,44.23,64.3,10.0,168.0
2019-06-01,Prince Edward Island,57.01,9.0,44.22,64.2,10.1,168.0
2019-07-01,Prince Edward Island,57.22,9.05,44.4,64.4,10.2,168.0
2019-08-01,Prince Edward Island,56.99,9.08,44.27,64.2,10.2,168.0
2019-09-01,Prince Edward Island,57.28,9.06,44.44,64.5,10.2,168.0
2019-10-01,Prince Edward Island,57.0,8.87,44.13,64.2,10.0,168.0
2019-11-01,Prince Edward Island,56.79,8.97,44.06,63.9,10.1,168.0
2019-12-01,Prince Edward Island,56.88,8.98,44.12,64.0,10.1,168.0
2020-01-01,Prince Edward Island,57.01,9.05,44.26,64.2,10.2,168.0
2020-02-01,Prince Edward Island,56.99,9.05,44.24,64.1,10.2,168.0
2020-03-01,Prince Edward Island,54.01,10.9,43.49,60.8,12.3,168.0
2020-04-01,Prince Edward Island,47.31,15.64,42.17,53.3,17.6,168.0
2020-05-01,Prince Edward Island,50.26,13.61,42.79,56.6,15.3,168.0
2020-06-01,Prince Edward Island,53.31,11.92,43.7,60.0,13.4,168.0
2020-07-01,Prince Edward Island,54.46,10.9,43.79,61.3,12.3,168.0
2020-08-01,Prince Edward Island,55.33,10.16,43.88,62.3,11.4,168.0
2020-09-01,Prince Edward Island,55.38,10.02,43.82,62.3,11.3,168.0
2020-10-01,Prince Edward Island,55.62,9.93,43.92,62.6,11.2,168.0
2020-11-01,Prince Edward Island,55.93,9.77,44.02,63.0,11.0,168.0
2020-12-01,Prince Edward Island,56.19,9.75,44.18,63.2,11.0,168.0
2021-01-01,Prince Edward Island,56.69,9.2,44.15,63.8,10.4,168.0
2021-02-01,Prince Edward Island,55.99,9.44,43.84,63.0,10.6,168.0
2021-03-01,Prince Edward Island,56.23,9.33,43.92,63.3,10.5,168.0
2021-04-01,Prince Edward Island,56.27,9.17,43.84,63.3,10.3,168.0
2021-05-01,Prince Edward Island,56.61,9.43,44.24,63.7,10.6,168.0
2021-06-01,Prince Edward Island,56.38,9.09,43.87,63.5,10.2,168.0
2021-07-01,Prince Edward Island,56.39,9.39,44.07,63.5,10.6,168.0
2021-08-01,Prince Edward Island,56.2,9.37,43.93,63.3,10.5,168.0
2021-09-01,Prince Edward Island,56.5,9.41,44.16,63.6,10.6,168.0
2021-10-01,Prince Edward Island,56.52,9.25,44.07,63.6,10.4,168.0
2021-11-01,Prince Edward Island,56.74,9.33,44.27,63.9,10.5,168.0
2021-12-01,Prince Edward Island,56.59,9.19,44.07,63.7,10.3,168.0
2022-01-01,Prince Edward Island,56.91,8.91,44.1,64.1,10.0,168.0
2022-02-01,Prince Edward Island,56.97,9.17,44.31,64.1,10.3,168.0
2022-03-01,Prince Edward Island,56.73,8.84,43.93,63.9,9.9,168.0
2022-04-01,Prince Edward Island,57.29,8.98,44.4,64.5,10.1,168.0
2022-05-01,Prince Edward Island,56.87,9.1,44.2,64.0,10.2,168.0
2022-06-01,Prince Edward Island,56.88,9.18,44.26,64.0,10.3,168.0
2022-07-01,Prince Edward Island,57.14,8.95,44.28,64.3,10.1,168.0
2022-08-01,Prince Edward Island,57.43,8.94,44.47,64.6,10.1,168.0
2022-09-01,Prince Edward Island,57.15,9.03,44.34,64.3,10.2,168.0
2022-10-01,Prince Edward Island,57.26,9.16,44.5,64.5,10.3,168.0
2022-11-01,Prince Edward Island,57.01,8.92,44.17,64.2,10.0,168.0
2022-12-01,Prince Edward Island,57.09,8.93,44.24,64.3,10.1,168.0
2023-01-01,Prince Edward Island,57.4,9.01,44.5,64.6,10.1,168.0
2023-02-01,Prince Edward Island,56.93,9.02,44.18,64.1,10.2,168.0
2023-03-01,Prince Edward Island,56.73,8.9,43.97,63.9,10.0,168.0
2023-04-01,Prince Edward Island,57.24,8.93,44.34,64.4,10.1,168.0
2023-05-01,Prince Edward Island,56.79,9.05,44.11,63.9,10.2,168.0
2023-06-01,Prince Edward Island,57.24,9.07,44.43,64.4,10.2,168.0
2023-07-01,Prince Edward Island,57.2,8.92,44.3,64.4,10.0,168.0
2023-08-01,Prince Edward Island,56.72,9.15,44.13,63.8,10.3,168.0
2023-09-01,Prince Edward Island,56.94,8.97,44.16,64.1,10.1,168.0
2023-10-01,Prince Edward Island,57.27,9.06,44.44,64.5,10.2,168.0
2023-11-01,Prince Edward Island,57.09,9.22,44.43,64.3,10.4,168.0
2023-12-01,Prince Edward Island,56.87,9.09,44.2,64.0,10.2,168.0
2024-01-01,Prince Edward Island,57.01,9.03,44.25,64.2,10.2,168.0
2024-02-01,Prince Edward Island,57.31,9.05,44.46,64.5,10.2,168.0
2024-03-01,Prince Edward Island,57.11,9.11,44.36,64.3,10.3,168.0
2024-04-01,Prince Edward Island,56.93,8.92,44.11,64.1,10.0,168.0
2024-05-01,Prince Edward Island,56.79,8.8,43.95,63.9,9.9,168.0
2024-06-01,Prince Edward Island,57.41,8.89,44.42,64.6,10.0,168.0
2024-07-01,Prince Edward Island,56.96,8.97,44.17,64.1,10.1,168.0
2024-08-01,Prince Edward Island,57.06,9.08,44.32,64.2,10.2,168.0
2024-09-01,Prince Edward Island,57.17,8.94,44.3,64.4,10.1,168.0
2024-10-01,Prince Edward Island,56.97,9.03,44.22,64.1,10.2,168.0
2024-11-01,Prince Edward Island,56.95,9.16,44.29,64.1,10.3,168.0
2024-12-01,Prince Edward Island,57.1,9.07,44.33,64.3,10.2,168.0
